rowid	Compound Name	Primary Target	Secondary Target	Plate	Plex	TMT Channel	id
1	SR 142948	NTSR1	NTSR2	3740	1	127n	0
2	UK 356618	MMP3	MMP13;MMP9	3740	1	127c	1
3	JW 480	NCEH1	NA	3740	1	128n	2
4	ML-265	PKM	NA	3740	1	128c	3
5	PF-04418948	PTGER2	NA	3740	1	129n	4
6	Ezatiostat	GSTP1	NA	3740	1	129c	5
7	Nitisinone	HPD	NA	3740	1	130n	6
8	4,4'-Dichlorobenzil	CES1	CES5A;CES3;CES2	3740	1	130c	7
9	Pentadecanoyl EA	GPR55	NA	3740	1	131	8
10	Ascomycin	FKBP1A	NA	3740	1	131c	9
11	SSR 69071	ELANE	NA	3740	2	127n	10
12	UPF 648	KMO	NA	3740	2	127c	11
13	Fumagillin	METAP2	NA	3740	2	128n	12
14	GSK343	EZH2	NA	3740	2	128c	13
15	Torcetrapib	CETP	NA	3740	2	129n	14
16	ONX 0914	PSMB8	NA	3740	2	129c	15
17	Balicatib	CTSK	CTSL	3740	2	130n	16
18	alvimopan	OPRM1	OPRD1;OPRK1	3740	2	130c	17
19	BCATc-In2	BCAT1	NA	3740	2	131	18
20	BACE1_In	BACE1	BACE2;APP	3740	2	131c	19
21	Tiplaxtinin	SERPINE1	NA	3740	3	127n	20
22	Trihydroxyisoflavone	PFKFB3	NA	3740	3	127c	21
23	GSK4112	NR1D1	NA	3740	3	128n	22
24	EIPA	SLC9A1	PLAU;SLC9A5	3740	3	128c	23
25	MLN4924	NAE1	NA	3740	3	129n	24
26	Blonanserin	DRD2;HTR2A	HTR2C;HTR2B	3740	3	129c	25
27	DY 131	ESRRG	NA	3740	3	130n	26
28	LOMEGUATRIB	MGMT	NA	3740	3	130c	27
29	HMB-Val-Ser-Leu-VE	KLK11	NA	3740	3	131	28
30	Cetrorelix	GNRHR	NA	3740	3	131c	29
31	SCH 530348	F2R	NA	3740	4	127n	30
32	PF 04447943	PDE9A	NA	3740	4	127c	31
33	PF-8380	ENPP2	NA	3740	4	128n	32
34	ACA	TRPM2	TRPC6;TRPM8	3740	4	128c	33
35	4EGI-1	EIF4E	NA	3740	4	129n	34
36	Undecanoic acid	AGTR2	ADRA1B;AGTR1	3740	4	129c	35
37	kb NB 142-70	PRKD1	NA	3740	4	130n	36
38	LPA2 An1	LPAR2	NA	3740	4	130c	37
39	Sildenafil	PDE5A	ENPP6;PDE6H;PDE6B;PDE6D;PDE6G;PDE6C;PDE6A;ADORA2A;PDE1A;PDE1B;PDE1C	3740	4	131	38
40	CGP77675	SRC	LCK;KDR;EGFR	3740	4	131c	39
41	PF 4800567	CSNK1E	NA	3740	5	127n	40
42	AK 7	SIRT2	NA	3740	5	127c	41
43	CID-2745687	GPR35	NA	3740	5	128n	42
44	GSK2578215	LRRK2	NA	3740	5	128c	43
45	Ticagrelor	P2RY12	NA	3740	5	129n	44
46	Cytosporone B	NR4A1	NA	3740	5	129c	45
47	Vidofludimus	DHODH	NA	3740	5	130n	46
48	AZD1152-HQPA	AURKB	AURKC;KIT;FLT3;PDGFRA;PDGFRB;RET;LCK;EGFR;AURKA	3740	5	130c	47
49	BMS309403	FABP4	FABP3;FABP12;FABP9;FABP7;FABP1;FABP2;FABP6;FABP5	3740	5	131	48
50	XCT 790	ESRRA	NA	3740	6	127c	49
51	SR 3335	RORA	NA	3740	6	128n	50
52	Cysmethynil	ICMT	NA	3740	6	128c	51
53	SP2509	KDM1A	NA	3740	6	129n	52
54	BMS 754807	IGF1R	INSR;AURKA;RET;EPHA4;MET;ABL1	3740	6	129c	53
55	BX 471	CCR1	CCL3	3740	6	130n	54
56	LUBIPROSTONE	CLCN2	NA	3740	6	130c	55
57	CAY10550	PRNP	NA	3740	6	131	56
58	ICG-001	CTNNB1	NA	3740	6	131c	57
59	AT 406	BIRC2;BIRC3	XIAP	3740	7	127n	58
60	AGN 190299	RARB	NA	3740	7	127c	59
61	MF63	PTGES	NA	3740	7	128n	60
62	2,4-Dichlorophenol	SULT1E1	NA	3740	7	128c	61
63	Ingenol-3-angelate	PRKCD	NA	3740	7	129n	62
64	UNC2250	MERTK	NA	3740	7	129c	63
65	3-Hydroxyflavone	CYP1A1	NA	3740	7	130n	64
66	HPGDS-In1	HPGDS	NA	3740	7	130c	65
67	Ac-YVAD-CHO	CASP1	NA	3740	7	131	66
68	ko143	ABCG2	NA	3740	7	131c	67
69	AS 1517499	STAT6	NA	3740	8	127n	68
70	Anamorelin	GHSR	NA	3740	8	127c	69
71	KH7	ADCY10	NA	3740	8	128n	70
72	R-848	TLR7	TLR8	3740	8	128c	71
73	BMS 303141	ACLY	NA	3740	8	129n	72
74	a-Naphthoflavone	CYP1A2;CYP1B1	CYP1A1;CYP19A1;CYP2C9;ABCG2;ADORA1	3740	8	130n	73
75	3-Benzotriazol-propionic acid	EGLN3	NA	3740	8	130c	74
76	APD668	GPR119	NA	3740	8	131	75
77	MPI-0479605-HCL	TTK	NA	3740	8	131c	76
78	NVP-BEP800	HSP90AA1;HSP90B1	HSP90AB1	3741	1	127n	77
79	L-Cysteine	PCBP1	NA	3741	1	127c	78
80	3,5-Dichlorosalicylic acid	AKR1C1	NA	3741	1	128n	79
81	Necrostatin 2	RIPK1	NA	3741	1	128c	80
82	MLS0315771	MPI	NA	3741	1	129n	81
83	BBL003126	CCR9	NA	3741	1	129c	82
84	NSC43673	HSD17B3	NA	3741	1	130n	83
85	Actonel	FDPS	NA	3741	1	130c	84
86	MI-3	MEN1	NA	3741	1	131	85
87	SAR020106	CHEK1	NA	3741	1	131c	86
88	TAK-875	FFAR1	NA	3741	2	127n	87
89	Bromfenac	PTGS1;PTGS2	NA	3741	2	127c	88
90	Parecoxib	INSR	PTGS2	3741	2	128c	89
91	4-Nitropiazthiole	TXNRD1	TXNRD2	3741	2	129n	90
92	Compound-1a	SLC14A1	SLC14A2	3741	2	129c	91
93	Basimglurant	GRM5	NA	3741	2	130n	92
94	Huperzine A	ACHE	NA	3741	2	130c	93
95	MI-773	MDM2	NA	3741	2	131	94
96	BLZ-945	CSF1R	NA	3741	2	131c	95
97	NSC735380	RARA	NA	3741	3	127n	96
98	Ralfinamide	SCN3A	NA	3741	3	127c	97
99	HY-50713	CASR	NA	3741	3	128n	98
100	Tafamidis	TTR	NA	3741	3	128c	99
101	Benethamine	FARS2	NA	3741	3	129n	100
102	Senicapoc	KCNN4	NA	3741	3	129c	101
103	Glycyrrhizic acid	HSD11B2	HSD11B1	3741	3	130n	102
104	Tofacitinib	JAK3	JAK1;JAK2;DCLK3;STAT5B;PKN1;STAT1;NUAK2;TNK1;TYK2;ROCK2	3741	3	130c	103
105	CB-839	GLS	NA	3741	3	131	104
106	LY2801653	MET	NA	3741	3	131c	105
107	(4-Chlorobenzyl)pyridine	CYP2B6	NA	3741	4	127n	106
108	RRD-251	IDO1	NA	3741	4	127c	107
109	Avosentan	EDNRA	NA	3741	4	128n	108
110	ML365	KCNK3	NA	3741	4	128c	109
111	HFI-142	LNPEP	NA	3741	4	129n	110
112	Ethiprole	GABRB3	NA	3741	4	129c	111
113	CHEMBL217125	CYP2A6	NA	3741	4	130n	112
114	Tirofiban	ITGA2B;ITGB3	NA	3741	4	130c	113
115	YK-4-279	EWSR1	NA	3741	4	131	114
116	AA92593	OPN4	NA	3741	4	131c	115
117	Dapagliflozin	SLC5A2	SLC5A1	3741	5	127n	116
118	Aliskiren	REN	NA	3741	5	127c	117
119	FMK	RPS6KA3	RPS6KB1	3741	5	128n	118
120	Chlorsulfuron	ILVBL	NA	3741	5	128c	119
121	3-Benzyloxyaniline	SSTR3	SSTR1	3741	5	129n	120
122	STX-0119	STAT3	NA	3741	5	129c	121
123	Dicyclohexylamine	PRKAA2	NA	3741	5	130n	122
124	Mildronate	BBOX1	NA	3741	5	130c	123
125	Sunitinib	FLT3;KDR;KIT	FLT1;PDGFRB;PDGFRA;STK17A;CSF1R;FLT4;PHKG1;LRRK2;RET;BMP2K;PHKG2;AXL;ITK;AAK1;MAP4K1;CHEK2;CSNK1D;STK33;MYLK4;PAK3;ULK2;PRKAA1;IRAK1;TNIK;MAP3K19;STK4;STK10;GAK;CSNK1E;CLK2;CLK1;MERTK;DAPK3;RPS6KA2;ULK1;CLK4;RIOK1;MINK1;HIPK2;PIP4K2B;MAP4K2;STK11;MAP4K5;JAK1;RPS6KA5;ULK3;HIPK3;RIOK2;NUAK1;MYLK2;TYRO3;STK3;IRAK4;SLK;MAP3K7;MAP3K13;TTK;BLK;MAP3K12;STK24;RPS6KA3;RPS6KB1;MAP4K4;YES1;DCLK3;ROCK2;TBK1;STK17B;NTRK1;CDK16;DAPK1;MAP2K1;MAP2K2;CSNK1G2;EIF2AK4;CSNK2A1;MAP4K3;DAPK2;RPS6KA1;CAMK2A;SRPK2;PRKAA2;MYLK;NUAK2;STK16;CHEK1;PLK4;CSNK1G3;SRPK1;AURKC;RPS6KA4;STK26;MELK;PRKD3;ANKK1;CDK14;LYN;PRKD1;TLK2;STK25;FGR;CSNK2A2;MARK2;DCLK1;MUSK;MARK3;AURKB;CAMK1G;EPHB1;PRKD2;RIPK1;TYK2;INSRR;LATS2;CAMKK1;PTK2;BMPR2;ALK;EIF2AK2;FGFR4;NEK2;CAMK1D;LCK;TNK1;LATS1;FYN;CSNK1A1L;FRK;SIK2;IKBKE;CAMK4;TLK1;IRAK3;CSNK1G1;PKN1;CAMK2G;CDK7;FES;ABL2;STK38L;EPHA6;CAMK1;KCNH2;AURKA;JAK2;SRC;FGFR2;NTRK2;PAK7;TSSK1B;NTRK3;PTK2B;HCK;HTR2A;CAMK2D;FGFR3;INSR;TEK;ABL1;FGFR1	3741	5	131	124
126	FIPI HCl	PLD1	PLD2	3741	5	131c	125
127	VUF11207	ACKR3	NA	3741	6	127n	126
128	(RS)-PPG	GRM8	NA	3741	6	127c	127
129	AM966	LPAR1	NA	3741	6	128n	128
130	XEN 103	SCD	NA	3741	6	128c	129
131	Ibutilide	KCNH2	NA	3741	6	129n	130
132	Glufosinate	GLUL	NA	3741	6	129c	131
133	4-Aminobenzohydrazide	MPO	NA	3741	6	130n	132
134	LCL161	XIAP	BIRC2	3741	6	130c	133
135	Bromopyruvic acid	HK2	NA	3741	6	131	134
136	VPC23019	S1PR5	S1PR1;S1PR3;S1PR4	3741	6	131c	135
137	7-Hydroxycoumarine	CA9	CA12	3741	7	127n	136
138	AK-54059	CMA1	NA	3741	7	127c	137
139	HhAntag	SHH	SMO;GLI1	3741	7	128n	138
140	CHEMBL2172374	PDE4D	NA	3741	7	128c	139
141	1,4-DHNA	MAPT	NA	3741	7	129n	140
142	NSC19883	UPP1	NA	3741	7	129c	141
143	Tasimelteon	MTNR1B	MTNR1A	3741	7	130n	142
144	RN486	BTK	NA	3741	7	130c	143
145	Ruxolitinib	JAK1;JAK2	TYK2;JAK3;ROCK2;RET	3741	7	131	144
146	7,3,4-THIF	MIF	TYR	3741	7	131c	145
147	PAP-1	KCNA3	KCNA5	3741	8	127n	146
148	p-Tolylboronic acid	LIPG	NA	3741	8	127c	147
149	A-317491	P2RX3	NA	3741	8	128n	148
150	Org25543	SLC6A5	NA	3741	8	128c	149
151	CBIO	DAO	NA	3741	8	129n	150
152	Thymidine	TK1	NA	3741	8	129c	151
153	CHCA	SLC16A1	NA	3741	8	130n	152
154	Marimastat	MMP1	MMP2;MMP9;MMP8;MMP13;MMP14;ADAM17;MMP12;ADAMTS4;MMP7;MMP3	3741	8	130c	153
155	RO495	TYK2	NA	3741	8	131	154
156	Abiraterone1	CYP17A1	NA	3741	8	131c	155
157	Pimavanserin	HTR2A	NA	3742	1	127n	156
158	Tetrindole	MAOA	NA	3742	1	127c	157
159	BW 723C86	HTR2B	NA	3742	1	128n	158
160	CP 94253	HTR1B	NA	3742	1	128c	159
161	Isoproterenol	ADRB1;ADRB3	ADRB2;BLM;MAPK1	3742	1	129n	160
162	L-168,049	GCGR	NA	3742	1	129c	161
163	GW 3965	NR1H2	NR1H3;ABCA1	3742	1	130n	162
164	CB 13	CNR1;CNR2	NA	3742	1	131	163
165	Telotristat	TPH1	NA	3742	2	127n	164
166	Tropicamide	CHRM4	BLM;CHRM3;CHRM2;CHRM1	3742	2	127c	165
167	(S)-(-)-Pindolol	ADRB1;ADRB2	HTR1A;HTR1B	3742	2	128n	166
168	SB 218795	TACR3	NA	3742	2	128c	167
169	Acifran	HCAR2	NA	3742	2	129n	168
170	QX 314	BLM	NA	3742	2	129c	169
171	AC-7954	UTS2R	NA	3742	2	130n	170
172	ZJ 43	FOLH1	NA	3742	2	130c	171
173	CyPPA	KCNN3	KCNN2	3742	2	131	172
174	LY 487379	GRM2	NA	3742	2	131c	173
175	W-13 HCl	CYP2C19	NA	3742	3	127n	174
176	Cilostamide	PDE3A	PDE3B;ENPP3	3742	3	127c	175
177	Pirenzepine	CHRM1	CHRM3;CHRM4;CHRM5;CHRM2	3742	3	128n	176
178	PP 1	FYN;LCK	HCK;LYN;RET;BTK;SRC;FGFR1;CSF1R;EPHB4;ERBB2;EGFR;PDGFRB;KDR;KIT;ABL1	3742	3	128c	177
179	SB 334867	HCRTR1	NA	3742	3	129n	178
180	4-Methylhistamine	HRH4	NA	3742	3	129c	179
181	CGS 35066	ECE1	NA	3742	3	130n	180
182	LY 364947	TGFBR1	NA	3742	3	130c	181
183	A 803467	SCN10A	NA	3742	3	131	182
184	Metyrapone	CYP11B1	CYP11B2;HSD11B1	3742	3	131c	183
185	Binospirone	HTR1A	NA	3742	4	127n	184
186	RS 67333	HTR4	NA	3742	4	127c	185
187	SKF 89976A	SLC6A12	SLC6A1	3742	4	128n	186
188	Milrinone	PDE3B	PDE3A;ENPP3;BLM;PDE4D;PDE4A	3742	4	128c	187
189	NSC 23766	RAC1	NA	3742	4	129n	188
190	Pirenzepine	CHRM1	CHRM3;CHRM4;CHRM5;CHRM2	3742	4	129c	189
191	TPCA-1	IKBKB	JAK2;CHUK	3742	4	130n	190
192	SB 225002	CXCR2	CXCR1	3742	4	130c	191
193	TCS PIM-1 1	PIM1	NA	3742	4	131	192
194	ARL 17477	NOS1	NA	3742	4	131c	193
195	GBR 12909	SLC6A3	SIGMAR1;SLC6A2;SLC6A4	3742	5	127n	194
196	ZD 7288	HCN4	HCN1	3742	5	127c	195
197	Genistein	ESR2	BLM;ESR1;CFTR;EGFR	3742	5	128n	196
198	Terazosin	ADRA1B	ADRA1D;ADRA1A;ADRA2B;ADRA2C;KCNH2	3742	5	128c	197
199	NS 3763	GRIK1	NA	3742	5	129n	198
200	JTE 013	S1PR2	NA	3742	5	129c	199
201	PD 176252	NMBR	GRPR;FPR1;FPR2	3742	5	130n	200
202	MRS 1754	ADORA2B	ADORA1;ADORA2A;ADORA3	3742	5	130c	201
203	Desipramine	SLC6A2	SLC6A4;SLC6A3;CHRM2;CHRM1;CHRM5;CHRM4;CHRM3;ADRA1A;HRH1;HTR2A	3742	5	131	202
204	NDT 9513727	C5AR1	NA	3742	5	131c	203
205	Clozapine	HTR2A;HTR6	CHRM1;HTR2C;ADRA1A;ADRA1B;DRD4;HTR2B;ADRA1D;HTR7;DRD5;DRD3;BLM;HRH1;ADRA2C;CHRM3;CHRM5;CHRM4;HTR3A;DRD2;ADRA2A;ADRA2B;CHRM2;KCNH2;DRD1;HRH2;HTR1A;HRH4;HTR1F;HTR1D;HTR1B;HTR1E	3742	6	127n	204
206	L-741	DRD4	DRD3	3742	6	127c	205
207	AM 630	CNR2	CNR1	3742	6	128n	206
208	SC 560	PTGS1	NA	3742	6	128c	207
209	SR 27897	CCKAR	NA	3742	6	129n	208
210	Anagrelide	PDE3A;PDE3B	PDE4D;PDE4A;PDE4C	3742	6	129c	209
211	NSC 87877	PTPN11	NA	3742	6	130n	210
212	NFPS	SLC6A9	NA	3742	6	130c	211
213	Nafamostat	TPSAB1	TPSB2;PRSS1;C1S;F11;PLG;PLAT;PROC;F2;F12;KLK1	3742	6	131	212
214	BIX 01294	EHMT2;EHMT1	NA	3742	6	131c	213
215	BD 1008	SIGMAR1	NA	3742	7	127n	214
216	BMY 7378	ADRA1D;HTR1A	ADRA1B;ADRA1A	3742	7	127c	215
217	BRL 54443	HTR1E;HTR1F	NA	3742	7	128n	216
218	SB 216763	GSK3A	GSK3B	3742	7	128c	217
219	PD 160170	NPY1R	NA	3742	7	129n	218
220	Zonisamide	CA2;CA5A;CA9	CA10;CA11;CA8;CA1;CA6;CA7;CA3;CA13;MAOB;CA4;CA14;CA5B;CA12	3742	7	130n	219
221	NU 7026	PRKDC	NA	3742	7	130c	220
222	Ziprasidone	HTR2A;HTR2C	DRD2;HTR1A;HTR1D;HTR2B;ADRA1A;DRD3;ADRA1B;HTR7;ADRA1D;CHRM1;SLC6A4;KCNH2;HRH1;HTR1B;HTR1E;DRD4;DRD1;HTR6;ADRA2A;ADRA2B;ADRA2C;CHRM3	3742	7	131	221
223	(Z)-Pugnac	HEXA	NA	3742	7	131c	222
224	Dipyridamole	SLC29A1;SLC29A2	CSNK2A1;ENPP6;PDE5A;PDE10A;PDE4A;PDE2A	3742	8	127n	223
225	ZM 241385	ADORA2A	ADORA1;ADORA2B	3742	8	127c	224
226	MK 886	ALOX5AP	ALOX5	3742	8	128n	225
227	Fenoldopam	DRD5	DRD1	3742	8	128c	226
228	Raloxifene	ESR1	ESR2;AOX1;ADRA2C;SLC6A2;HTR2B;HTR2A;DRD2	3742	8	129n	227
229	IBC 293	HCAR3	NA	3742	8	129c	228
230	WAY 170523	MMP13	MMP3;MMP9	3742	8	130n	229
231	HC 030031	TRPA1	NA	3742	8	130c	230
232	PHA 767491	CDC7	CDK9;PKN2;CCNT1;PRKCQ;ROCK2;STK17A;GSK3B;CDK1;CDK2;PLK1;MAPKAPK5	3742	8	131	231
233	Anastrozole	CYP19A1	NA	3742	8	131c	232
234	SR 11237	RXRA	NA	3743	1	127n	233
235	FR 180204	MAPK3	MAPK1	3743	1	127c	234
236	IU1	USP14	NA	3743	1	128n	235
237	Olanzapine	HRH1;HTR2A	HTR2C;HTR6;DRD2;ADRA1A;ADRA1B;HTR2B;ADRA1D;CHRM1;DRD3;CHRM5;DRD4;HRH2;CHRM2;CHRM4;DRD1;KCNH2;CHRM3;DRD5;ADRA2C;ADRA2B;ADRA2A;HTR7;HTR1D;HTR3A;HTR1A;HTR1B;HTR1E	3743	1	128c	236
238	PF-514273	CNR1	NA	3743	1	129n	237
239	Veliparib�	PARP2	PARP1	3743	1	129c	238
240	ML-323	USP1	NA	3743	1	130n	239
241	PF-543	SPHK1	NA	3743	1	130c	240
242	CPI-203	BRD4	NA	3743	1	131	241
243	GSK-923295	CENPE	NA	3743	1	131c	242
244	Tamibarotene	RARA;RARB	NA	3743	2	127n	243
245	Pitolisant	HRH3	CYP2D6	3743	2	127c	244
246	HC 067047	TRPV4	KCNH2	3743	2	128n	245
247	Bicifadine	SLC6A2;SLC6A4	NA	3743	2	128c	246
248	Tacrine	BCHE	ACHE;SLC6A2	3743	2	129n	247
249	CHEMBL570596	HSD17B1	NA	3743	2	129c	248
250	PF-3758309	PAK4	PAK6;PAK1;PAK3;PAK2	3743	2	130n	249
251	TCS ERK 11e	MAPK1	NA	3743	2	130c	250
252	GSK2606414	EIF2AK3	NA	3743	2	131	251
253	Ro 48-8071	LSS	NA	3743	2	131c	252
254	KU 55933	ATM	PIK3CD	3743	3	127n	253
255	XAV 939	TNKS2	TNKS;PARP2	3743	3	127c	254
256	Probenecid	SLC22A8	SLC22A6;SLC22A11	3743	3	128n	255
257	Bosutinib	ABL1;SRC	LCK;ABL2;MAP4K5;BTK;YES1;FRK;HCK;FGR;MAP4K2;MAP4K4;TNK2;MINK1;LYN;EPHB4;EPHB2;EPHA4;ERBB4;CSK;MAP2K2;SYK;KIT;PDGFRB;FYN;TBK1;EGFR;MAP3K13;MAP3K12;MAP2K1;PRKCQ;BCR;ALK;AXL;MAP3K2;CAMK2G	3743	3	128c	256
258	Eptifibatide	ITGA2B	NA	3743	3	129n	257
259	Cyclopamine	SMO	SHH	3743	3	129c	258
260	BEC	ARG1;ARG2	NA	3743	3	130n	259
261	MLN 8237	AURKA	KDR;ABL1;BTK	3743	3	130c	260
262	Fevipiprant	PTGDR2	NA	3743	3	131	261
263	Histamine	HRH3;HRH4	BLM;HRH1;HRH2	3743	4	127n	262
264	A 1120	RBP4	NA	3743	4	127c	263
265	TMN 355	PPIA	NA	3743	4	128n	264
266	TC-N 22A	GRM4	NA	3743	4	128c	265
267	CHEMBL2041153	AKR1C3	NA	3743	4	129n	266
268	BX 912	AKT2	PDK1;PDPK1;CDK2;KIT;KDR	3743	4	129c	267
269	GSK2334470	PDPK1	NA	3743	4	130n	268
270	TR-14035	ITGB1	ITGA4;ITGB7	3743	4	130c	269
271	AZ 628	RAF1	BRAF;MAPK1	3743	4	131	270
272	Quizartinib	FLT3	KIT;RET;PDGFRB;CSF1R;PDGFRA;FLT4;FLT1;KDR	3743	4	131c	271
273	Dopamine	DRD2;DRD3;DRD4	DRD5;APP;SLC6A2;DRD1;SLC6A3	3743	5	127n	272
274	7,8-Dihydroxyflavone	NTRK2	NA	3743	5	127c	273
275	VU 0364739	PLD2	NA	3743	5	128n	274
276	Febuxostat	XDH	NA	3743	5	128c	275
277	TOFA	ACACA;ACACB	NA	3743	5	129n	276
278	CAY10683	HDAC2	HDAC6	3743	5	129c	277
279	G-1	GPER1	NA	3743	5	130n	278
280	(S)-Selisistat	SIRT1	NA	3743	5	130c	279
281	BMS-5	LIMK1	LIMK2	3743	5	131	280
282	LY2584702	RPS6KB1	NA	3743	5	131c	281
283	GSK 650394	SGK1	NA	3743	6	127n	282
284	Rotigotine	DRD2;DRD3	DRD4;ADRA2C;ADRA2A;ADRA2B;DRD1;DRD5;HTR1A	3743	6	127c	283
285	RWJ 50271	ICAM1	NA	3743	6	128n	284
286	4mu8C	ERN1	NA	3743	6	128c	285
287	AUDA	EPHX2	EPHX1	3743	6	129c	286
288	10074-G5	MYC	NA	3743	6	130n	287
289	3-Deazaneplanocin A	AHCY	NA	3743	6	130c	288
290	MG-132	PSMB5	CTSK;PSMB1;CTSB;NFKB1;PSMB2	3743	6	131	289
291	KPT-330	XPO1	NA	3743	6	131c	290
292	Tizanidine	NISCH	NA	3743	7	127n	291
293	HX 531	RXRB	NA	3743	7	127c	292
294	TC-O 9311	GPR139	NA	3743	7	128n	293
295	Paliperidone	DRD1	NA	3743	7	128c	294
296	Forodesine	PNP	NA	3743	7	129n	295
297	LY411575	PSEN1	APP;NOTCH4;NOTCH3;NOTCH2;NOTCH1	3743	7	129c	296
298	Esmolol	ADRB1	NA	3743	7	130n	297
299	P005091	USP7	NA	3743	7	131	298
300	Acamprosate	GRIN3A	NA	3743	8	127n	299
301	UNC 0638	EHMT2	EHMT1	3743	8	128n	300
302	Olvance	AGTR1	NA	3743	8	128c	301
303	Encorafenib	BRAF	NA	3743	8	129n	302
304	Fingolimod	S1PR1;S1PR3	S1PR4;S1PR5;S1PR2	3743	8	129c	303
305	Actinonin	PDF	ANPEP	3743	8	130n	304
306	Eltrombopag	MPL	NA	3743	8	130c	305
307	LY 344864	HTR1F	NA	3743	8	131	306
308	UK 383367	BMP1	NA	3743	8	131c	307
309	AZD4547	FGFR1	FGFR3;FGFR2;FGFR4	3744	1	127n	308
310	Atglistatin	PNPLA2	NA	3744	1	127c	309
311	IRAK-1-4 Inhibitor I	IRAK4	IRAK1	3744	1	128n	310
312	Tolvaptan	AVPR2	AVPR1B;AVPR1A	3744	1	128c	311
313	Zebularine	CDA	NA	3744	1	129n	312
314	Aripiprazole	DRD2;HTR1A	HTR2A;DRD3;HTR2B;CHRM5;DRD4;HTR1E;ADRA1D;ADRA1A;HTR7;SLC6A4;HTR2C;HRH1;KCNH2;ADRA1B;HTR1D;ADRA2C;ADRA2A;ADRA2B;HTR6;CHRM4;CHRM2;DRD5;CHRM3;HTR3A;CHRM1;DRD1;HTR1B	3744	1	129c	313
315	Mirabegron	ADRB3	NA	3744	1	130n	314
316	Rifaximin	NR1I2	NA	3744	1	130c	315
317	Pictilisib	PIK3CA	PIK3CD;AKT1;AKT2;AKT3;PIK3CG;MTOR;PIK3CB	3744	1	131	316
318	Acetazolamide	CA7;CA2;CA12	CA6;CA13;CA11;CA8;CA10;CAPN2;CA9;CA4;CA14;CA5B;CA5A;CA1;CA3	3744	1	131c	317
319	Vilazodone	HTR1A;SLC6A4	NA	3744	2	127n	318
320	UNC1215	L3MBTL3	NA	3744	2	127c	319
321	NMS-873	VCP	NA	3744	2	128n	320
322	CAL-101	PIK3CD	PIK3CG;PIK3CB	3744	2	128c	321
323	Dasatinib	ABL1	LCK;YES1;SRC;BCR;FYN;ABL2;BTK;EPHA3;FRK;BLK;EPHA8;EPHA5;FGR;EPHB4;EPHB1;LYN;CSF1R;EPHB2;DDR1;STAT5B;HCK;EPHA2;PDGFRA;CSK;PDGFRB;EPHA4;TXK;BMX;KIT;SIK1	3744	2	129n	322
324	Yohimbine	ADRA2A	ADRA2B;ADRA2C;HTR1D	3744	2	129c	323
325	Momelotinib	JAK1	JAK2;TYK2;CDK2;JAK3	3744	2	130n	324
326	Fluorescein	TDP1	NA	3744	2	130c	325
327	Enzalutamide	AR	NA	3744	2	131	326
328	GNF-5	ABL1;BCR	NA	3744	2	131c	327
329	BAY 57-1293	HSVHELICASE	NA	3744	3	127n	328
330	Tideglusib	GSK3B	NA	3744	3	127c	329
331	BS-181	CDK7	CDK2	3744	3	128n	330
332	Terbinafine	SQLE	CYP2D6	3744	3	128c	331
333	Repaglinide	ABCC8	CYP3A4	3744	3	129n	332
334	Tubastatin A	HDAC6	HDAC8	3744	3	130n	333
335	BBL023172	CES2	CES3;CES5A;CES1	3744	3	130c	334
336	HJC0350	RAPGEF4	NA	3744	3	131	335
337	Quetiapine	ADRA1D;ADRA1B;ADRA1A;HRH1	HTR6;DRD2;HTR2A;ADRA2C;CHRM1;ADRA2B;ADRA2A;HTR2B;HTR3A;DRD3;HTR1A;DRD1;HTR1F;HTR7;CHRM5;HTR1E;CHRM3;CHRM2;CHRM4;DRD4;HTR1B;HTR2C;HTR1D	3744	3	131c	336
338	Sotrastaurin	PRKCB;PRKCQ	PRKCA;PRKCD;PIM2;PRKCH;PRKCE;PRKCG;CAMK2D;RPS6KA3;RPS6KB1;PKN2;PIM3;KDR;PIM1;JAK3;PRKCZ;GSK3B	3744	4	127n	337
339	VE-821	ATR	NA	3744	4	127c	338
340	Tranexamic acid	PLG	NA	3744	4	128n	339
341	TGX-221	PIK3CB	AKT3;AKT1;AKT2;PIK3CD	3744	4	128c	340
342	Alogliptin	DPP4	NA	3744	4	129n	341
343	Palbociclib	CDK4	CCND1;CCND3;CCND2;CDK6;CLK4	3744	4	129c	342
344	Benzbromarone	CYP2C9	SLC22A12	3744	4	130n	343
345	Fedratinib	FLT3;JAK2	ABL1;RET;PTK2;PDGFRB;JAK1;SRC;KIT;TBK1;YES1;TYK2;MAPK10;MAPK9;FGFR1;FGFR2;MERTK;JAK3	3744	4	130c	344
346	Torasemide	SLC12A1;SLC12A2	NA	3744	4	131	345
347	Isotretinoin	RARB;RARG	RARA	3744	4	131c	346
348	Nolatrexed	TYMS	NA	3744	5	127n	347
349	mL347	ACVR1	ACVRL1	3744	5	127c	348
350	H-Arg(NO2)-OH	NOS3	NOS1	3744	5	128n	349
351	Triclabendazole	DNMT1	NA	3744	5	128c	350
352	Mubritinib	ERBB2	NA	3744	5	129n	351
353	MK-1775	WEE1;WEE2	LCK	3744	5	129c	352
354	Racecadotril	MME	NA	3744	5	130n	353
355	Alectinib	ALK	INSR	3744	5	130c	354
356	Metolazone	CA7	CA12;BLM;CA13;CA4;CA5B;CA5A	3744	5	131	355
357	Acitretin	RARG	RARB;RARA	3744	5	131c	356
358	mL167	CLK4	CLK1	3744	6	127n	357
359	Ivacaftor	CFTR	NA	3744	6	127c	358
360	Pomalidomide	TNF	NA	3744	6	128n	359
361	Meloxicam	PTGS1;SC5D	PKM;PTGS2	3744	6	128c	360
362	Lapatinib	EGFR;ERBB2	BRAF;PIK3CA;PI4KB;KRAS;ERBB4	3744	6	129n	361
363	D-(+)-Glucose	CEL	NA	3744	6	129c	362
364	L-Mimosine	TYR	NA	3744	6	130n	363
365	AGI-6780	IDH2	NA	3744	6	130c	364
366	L-Menthol	TRPM8	TRPA1;TRPV3	3744	6	131	365
367	PAC-1	CASP3	NA	3744	6	131c	366
368	Turofexorate	NR1H4	NA	3744	7	127n	367
369	TMP269	HDAC9	HDAC7;HDAC5;HDAC4	3744	7	127c	368
370	Erythromycin	MLNR	NA	3744	7	128n	369
371	RVX-208	APOA1	NA	3744	7	128c	370
372	Rosiglitazone	PPARG	PPARA;PPARD	3744	7	129n	371
373	Sulfanilamide	CA9;CA2	CA12;CA13;CA7;CA6;CA11;CA8;CA10;CA3;CA4;CA5B;CA5A;CA1	3744	7	129c	372
374	Levosimendan	ENPP3	PDE3A	3744	7	130n	373
375	RGFP966	HDAC3	NA	3744	7	130c	374
376	Dicumarol	NQO1	CYP2C9	3744	7	131	375
377	AZD8055	MTOR	NA	3744	7	131c	376
378	Varespladib	PLA2G2A	PLA2G2D;PLA2G4A;PLA2G10;PLA2G1B;PLA2G2E;PLA2G5	3744	8	127n	377
379	Dabigatran	F2	NA	3744	8	127c	378
380	Mycophenolic acid	IMPDH2	IMPDH1;SMN1	3744	8	128n	379
381	GW 501516	PPARD	LGALS4;PPARG;PPARA	3744	8	128c	380
382	Gliclazide	KCNJ11	NA	3744	8	129c	381
383	Climbazole	CYP3A4	NA	3744	8	130n	382
384	Entinostat	HDAC1	HDAC2;HDAC3;CYP3A4	3744	8	130c	383
385	Nisoldipine	CACNA1C	CACNA1S	3744	8	131	384
386	Cediranib	FLT4;KDR	KIT;FLT1;PDGFRB;DDR1;PDGFRA;STK10;RET;CSF1R;EPHA6;SLK;DDR2;MAP4K5;FGFR3;RIPK2;LYN;LCK;TEK;BLK;PTK6;FGFR1;SRC;FRK;YES1;AXL;HCK;FGFR4;ABL2;TYRO3;FYN;ABL1;LTK;MET;EGFR;FGFR2	3744	8	131c	385
387	AMN 082	GRM7	NA	3745	1	127n	386
388	Tipiracil	TYMP	NA	3745	1	127c	387
389	BML-277	CHEK2	NA	3745	1	128n	388
390	Tandutinib	FLT3;KIT	PDGFRB;PDGFRA;CSF1R;SRC;ABL1;NTRK1;MAP4K5;IRAK3;NTRK2;CLK1;EGFR	3745	1	128c	389
391	GK01981	MAPK8	MAPK10;MAPK9	3745	1	129n	390
392	STK832240	G6PC	NA	3745	1	129c	391
393	STL321288	GRM7	NA	3745	1	130n	392
394	STK772817	EPHB4	NA	3745	1	130c	393
395	KM03430	GABRA5	NA	3745	1	131	394
396	Dantrolene	RGS4	NA	3745	1	131c	395
397	SMI-16a	PIM2	PIM1	3745	2	127n	396
398	Tivozanib	FLT1;KDR	FLT4;KIT;PDGFRB;RET;EPHB2;EPHB4;ABL1;PDGFRA	3745	2	127c	397
399	SB-269970	HTR7	BLM;HTR5A	3745	2	128n	398
400	Lalistat1	LIPA	NA	3745	2	128c	399
401	SPB06189	NPFFR2	NA	3745	2	129n	400
402	STK869906	KLK7	NA	3745	2	129c	401
403	STK235555	TRPV3	NA	3745	2	130n	402
404	STK746869	RPS6KB1;RPS6KB2	NA	3745	2	130c	403
405	D399-0002	GRM1	NA	3745	2	131	404
406	conivaptan	AVPR1A	AVPR2;OXTR	3745	2	131c	405
407	Tanomastat	MMP2	MMP3;MMP9	3745	3	127n	406
408	H 89	PRKACA	ROCK2;PRKACG;PRKACB;AKT2;KCNH2	3745	3	127c	407
409	ABT-199	BCL2	BCL2L1	3745	3	128n	408
410	6603-0104	ALDH1A1	NA	3745	3	128c	409
411	STK155799	KCNQ2	NA	3745	3	129n	410
412	SCHEMBL5061501	FFAR3	NA	3745	3	129c	411
413	JP1302	ADRA2C	NA	3745	3	130n	412
414	STL336112	SLC2A1	NA	3745	3	130c	413
415	EWP-815	MGLL	NA	3745	3	131	414
416	Paroxetine	SLC6A4	SLC6A2;CYP2D6;CHRM3;CHRM4;CHRM1;CHRM5;CHRM2	3745	3	131c	415
417	Phenylboronic acid	CA4	CA2	3745	4	127n	416
418	Pazopanib	FLT1;KDR;KIT	PDGFRB;CSF1R;FLT4;PDGFRA;DDR1;DDR2;STK10;RIPK1;GAK;TTK;FGFR2;TNIK;FGFR1;PLK4;MAP3K9;STK16;LIMK2;STK36;NEK2;MAP2K4;ABL1;BRAF;RIPK2;LCK;TIE1;IRAK3;AURKC;AURKA;LIMK1;RET;MAP4K1;FRK;ROS1;FLT3;LYN;RAF1;MAP3K11;FGFR3	3745	4	127c	417
419	Vatalanib	KDR	KIT;FLT1;FGFR1;FLT4;CYP3A4;CYP2C19;CYP2D6;CYP2C9;CSF1R;PDGFRB	3745	4	128n	418
420	STK416816	ALDH3A1	NA	3745	4	128c	419
421	ZINC2093649	NPSR1	NA	3745	4	129n	420
422	CHEMBL569227	SFRP1	NA	3745	4	129c	421
423	STK066844	COASY	NA	3745	4	130n	422
424	STL304557	PDE4B	PDE4A;PDE4D	3745	4	130c	423
425	HMS3745G19	APP	NA	3745	4	131	424
426	Aprepitant	TACR1	NA	3745	4	131c	425
427	5-Ethynyluracil	DPYD	NA	3745	5	127n	426
428	Darifenacin	CHRM3	CHRM5;CHRM1;CHRM4;CHRM2	3745	5	127c	427
429	Dorzolamide	CA2;CA12	CA7;CA6;CA13;CA14;CA9;CA4;CA5B;CA5A;CA1	3745	5	128n	428
430	CHEMBL1348080	TAS1R1	NA	3745	5	128c	429
431	Z32036776	CDK2	NA	3745	5	129n	430
432	STK410281	TNIK	NA	3745	5	129c	431
433	CHEMBL200403	OXTR	NA	3745	5	130n	432
434	CHEMBL1436068	GMNN	NA	3745	5	130c	433
435	Rhodanine derivative38	DUSP3	NA	3745	5	131	434
436	AMG 487	CXCR3	NA	3745	5	131c	435
437	Zafirlukast	CYSLTR1	CYSLTR2;NR1I2	3745	6	127n	436
438	PF-04620110	DGAT1	NA	3745	6	127c	437
439	Alosetron	HTR3A	HTR3B;HTR2B	3745	6	128n	438
440	MERCK544	HSD11B1	NA	3745	6	128c	439
441	STK841699	PDE11A	NA	3745	6	129n	440
442	STK410283	MAP3K9;TNIK	KDR;FLT3;GSK3B;PDGFRA;AURKA	3745	6	129c	441
443	LUF-5735	ADORA1	NA	3745	6	130n	442
444	CHEMBL1597046	TSHR	NA	3745	6	130c	443
445	Dichlorphenamide	CA2;CA7;CA5B	CA13;CA10;CA11;CA8;CA12;CA9;CA6;CA14;CA4;CA5A;CA1;CA3	3745	6	131	444
446	Volasertib	PLK1	PLK2;PLK3	3745	6	131c	445
447	Vorinostat	HDAC1;HDAC3;HDAC6	HDAC2;NCOR2;HDAC10;HDAC4;HDAC11;HDAC5;HDAC9;HDAC7;HDAC8	3745	7	127n	446
448	Erlotinib	EGFR	AKT2;AKT3;MAPK3;MAPK1;GAK;AKT1;SLK;STK10;ABL2;BLK;LCK;LYN;RET;FLT3;ERBB2;RIPK2;EPHA6;ABL1;TNK1;MKNK1;CIT;ERBB4;AURKC;JAK3;MYLK2;DDR1;EPHA8;TIE1;LTK;KDR;SRC	3745	7	127c	447
449	Pepstatin A	CTSD	CTSE	3745	7	128n	448
450	CHEMBL383736	CCR4	NA	3745	7	128c	449
451	STK368746	NR1H3	NA	3745	7	129n	450
452	CHEMBL2397099	GRIN2C	GRIN2D	3745	7	129c	451
453	CHEMBL1643306	CA12	CA9	3745	7	130n	452
454	ZINC8945	F7	NA	3745	7	130c	453
455	SSR128129E	FGFR2	NA	3745	7	131	454
456	AZ505	SMYD2	NA	3745	7	131c	455
457	Ramelteon	MTNR1A;MTNR1B	NA	3745	8	127n	456
458	Castanospermine	GANC	MOGS;GAA	3745	8	127c	457
459	Dexrazoxane	TOP2A	NA	3745	8	128n	458
460	RH00511	CYP4A11	NA	3745	8	128c	459
461	AQ-390/43364023	RORC	NA	3745	8	129n	460
462	ZINC6198410	GRIN2A	NA	3745	8	129c	461
463	CHEMBL1902935	P2RX7	NA	3745	8	130n	462
464	CHEMBL2431803	TNKS	NA	3745	8	130c	463
465	Silodosin	ADRA1A	ADRA1D;ADRA1B	3745	8	131	464
466	KH-CB19	CLK1	DYRK1A;CLK3	3745	8	131c	465
467	Resmetirom�	THRB	NA	3746	1	127n	466
468	Finasteride	SRD5A2	BLM;SRD5A1	3746	1	127c	467
469	Talazoparib	RAD51	PARP1	3746	1	128n	468
470	Zosuquidar	ABCB1	NA	3746	1	128c	469
471	Olcegepant	CALCRL	RAMP1;CALCA	3746	1	129n	470
472	Methylnaltrexone	OPRK1;OPRM1	NA	3746	1	129c	471
473	Laropiprant	PTGDR	TBXA2R	3746	1	130n	472
474	RF9	NPFFR1	NPFFR2	3746	1	130c	473
475	Sultiame	CA2	CA7;CA9;CA12;CA5A;CA5B;CA4;CA1	3746	1	131	474
476	Succinobucol	VCAM1	CCL2	3746	1	131c	475
477	Osilodrostat	CYP11B2	CYP11B1	3746	2	127n	476
478	Fluticasone	NR3C1	NA	3746	2	127c	477
479	H-1152	ROCK1;ROCK2	AURKA;PRKACA	3746	2	128n	478
480	Ginkgolide A	GLRA1	NA	3746	2	128c	479
481	Vernakalant	KCNJ3;KCNJ5	KCNA5	3746	2	129n	480
482	Eletriptan	HTR1D	NA	3746	2	130n	481
483	Benzo[a]pyrene	AHR	NA	3746	2	130c	482
484	PD173212	CACNA1B	NA	3746	2	131	483
485	Dichlorisone	HIF1A	NA	3746	2	131c	484
486	Migalastat	GLA	NA	3746	3	127n	485
487	Cilengitide	ITGAV	ITGB3;ITGB5;ITGA5;ITGB1	3746	3	127c	486
488	SGC0946	DOT1L	NA	3746	3	128n	487
489	Kaempferide	CYP1B1	NA	3746	3	128c	488
490	OTSSP167	MELK	NA	3746	3	129n	489
491	Silmitasertib	CSNK2A1	CSNK2A2;CSNK2A3;DAPK3;CCNB1;CCNB2;CCNB3;DYRK2;TBK1;CLK3;PIM1;HIPK3;CDK1;FLT3	3746	3	129c	490
492	Flavopiridol	CDK9	CCNT1;CDK1;CCNB2;ELOA;ELOB;ELOC;CCNB1;CCNB3;CCND2;CDK4;CCND3;CDK2;CCND1;CCNA2;CDK5;CCNA1;CDK6;CCNE2;ABCG2;CCNE1;CDK7;PRKCQ;PYGM	3746	3	130n	491
493	L-NIL	NOS2	NA	3746	3	130c	492
494	2,6-Dichlorophenethylamine	TAAR1	NA	3746	3	131	493
495	L-Valyl-L-phenylalanine	CAPN1	NA	3746	3	131c	494
496	Mifepristone	PGR	ALPP;ALPL;ALPI;NR3C1;TAT;AR;NR3C2;CYP3A4;ESR1	3746	4	127n	495
497	CC-401	MAPK9	NA	3746	4	127c	496
498	TCS-OX2-29	HCRTR2	NA	3746	4	128n	497
499	Diethylstilbestrol	ESR1;ESR2	ESRRG	3746	4	128c	498
500	Dapiprazole	ADRA1D	NA	3746	4	129n	499
501	Dihydroartemisinin	CYP1A2	NA	3746	4	129c	500
502	Roxatidine	HRH2	NA	3746	4	130n	501
503	Teijin compound 1	CCR2	NA	3746	4	130c	502
504	NBTGR	SLC29A1	NA	3746	4	131	503
505	TPPB	PRKCA	NA	3746	4	131c	504
506	PF429242	MBTPS1	NA	3746	5	127n	505
507	(S)-Zopiclone	GABRA1	GABRA2;GABRA3	3746	5	127c	506
508	NVP-BSK805	JAK2	JAK3;ABL1;JAK1;TYK2	3746	5	128n	507
509	Olopatadine	HRH1	NA	3746	5	128c	508
510	SAR7334	TRPC6	NA	3746	5	129n	509
511	BAY 61-3606	SYK	GSK3B;ROCK2;FLT3;PKN2;BRAF;PIM2;KIT	3746	5	129c	510
512	Mavorixafor	CXCR4	NA	3746	5	130n	511
513	[Pyr1]-Apelin-13	APLNR	NA	3746	5	130c	512
514	Bombesin	GRPR	NA	3746	5	131	513
515	4-Methoxybenzoic acid	CAPN2	NA	3746	5	131c	514
516	Ursodiol	GPBAR1	NA	3746	6	127n	515
517	UAMC00039	DPP7	NA	3746	6	127c	516
518	Olaparib	PARP1;PARP2	PARP3	3746	6	128n	517
519	N6022	ADH5	NA	3746	6	128c	518
520	Olodaterol	ADRB2	NA	3746	6	129n	519
521	Eplerenone	NR3C2	NA	3746	6	129c	520
522	Paricalcitol	VDR	NA	3746	6	130n	521
523	Treprostinil	PTGIR	NA	3746	6	130c	522
524	T-00127_HEV1	PI4KB	NA	3746	6	131	523
525	T3	THRA;THRB	NA	3746	6	131c	524
526	Ruboxistaurin	PRKCB	PIM3;PRKCH;PIM1;FLT3;MAPK15;PIM2;PRKCD;RPS6KB1;CDK4;DMPK;PRKCG;MYLK;PRKCA;PRKCZ;RPS6KA2;STK10;PRKCQ;PRKCI;NUAK2;PRKCE;SLK;CLK2;PKN1;RPS6KA1;BMP2K;CHEK1;RIOK1;JAK3;PIP4K2B;PIP5K1A;LATS2;PDPK1;MAP2K4;DAPK1;STK3;CLK1;AAK1;PRKD2;KIT	3746	7	127n	525
527	Icatibant	BDKRB2	ANPEP	3746	7	127c	526
528	Thiamet G	OGA	NA	3746	7	128n	527
529	Obatoclax	BCL2L1	NA	3746	7	129n	528
530	Tafluprost	PTGFR	NA	3746	7	129c	529
531	Ethoxzolamide	CA2;CA7	CA8;CA11;CA10;CA5B;CA4;CA13;CA14;HIF1A;CA12;CA5A;CA9;CA6	3746	7	130n	530
532	Sulforaphane	NFE2L2	NA	3746	7	130c	531
533	Neurokinin A	TACR2	NA	3746	7	131	532
534	Papaverine	PDE10A	PDE3A;PDE4B	3746	7	131c	533
535	Maraviroc	CCR5	NA	3746	8	127n	534
536	FTI-277	FNTA	FNTB	3746	8	127c	535
537	R121919	CRHR1	NA	3746	8	128n	536
538	S107	RYR2	NA	3746	8	128c	537
539	Minocycline	MMP9	NA	3746	8	129n	538
540	Bay 60-7550	PDE2A	NA	3746	8	129c	539
541	fMLF	FPR1	NA	3746	8	130n	540
542	Perhexiline	CYBB	CPT2;CPT1A	3746	8	130c	541
543	Zofenopril	ACE	NA	3746	8	131	542
544	Uridine	P2RY2	P2RY14;P2RY4	3746	8	131c	543
545	Moxonidine	NISCH	NA	3747	1	127n	544
546	Saracatinib	SRC	YES1;LCK;FYN;HCK;BCR;ABL1;CSK	3747	1	127c	545
547	Rivastigmine	BCHE	ACHE	3747	1	128n	546
548	EPZ-6438	EZH2	EZH1	3747	1	128c	547
549	Imiquimod	TLR7	NA	3747	1	129c	548
550	Darunavir	CYP3A4	NA	3747	1	130n	549
551	Lixivaptan	AVPR2	AVPR1A	3747	1	131	550
552	BI 2536	PLK1	PLK2;PLK3;MET;ALK;EGFR	3747	1	131c	551
553	Pramipexole	DRD3	DRD2;DRD4	3747	2	127n	552
554	L-779450	RAF1	BRAF	3747	2	127c	553
555	BMS-911543	JAK2	NA	3747	2	128n	554
556	TAE 226	PTK2	MAPK10;INSR;ROS1;ALK;JAK3;IGF1R;EGFR;MAPK9;AURKA;ERBB4;ERBB2;PLK1;RET;KDR;RPS6KA3;MET;BTK;FGFR1;PDGFRB;JAK2;CDK1;FGFR3;FLT3	3747	2	128c	555
557	Pinometostat	DOT1L	NA	3747	2	129n	556
558	Anacetrapib	CETP	NA	3747	2	129c	557
559	SB-222200	TACR3	NA	3747	2	130n	558
560	Tazarotene1	RARB	RARG;RARA	3747	2	131	559
561	Bexarotene	RXRB	RXRA;RXRG;RARG;RARA;RARB	3747	2	131c	560
562	Carbamazepine	SCN10A	NA	3747	3	127n	561
563	AZD1152	AURKB	AURKA;AURKC;KIT	3747	3	127c	562
564	LY2090314	GSK3B	NA	3747	3	128n	563
565	Macitentan	EDNRB	EDNRA	3747	3	128c	564
566	ISO-1	MIF	NA	3747	3	129n	565
567	XEN445	LIPG	NA	3747	3	129c	566
568	Guanfacine	ADRA2A	NA	3747	3	130n	567
569	PX-12	TXNRD1	NA	3747	3	130c	568
570	Tazarotene2	RARB	RARG;RARA	3747	3	131	569
571	Quisinostat	HDAC1	HDAC8	3747	3	131c	570
572	SD-208	TGFBR1	TGFB1	3747	4	127n	571
573	PJ34	PARP1	NA	3747	4	127c	572
574	Sitagliptin	DPP4	NA	3747	4	128n	573
575	MEK162	MAP2K1	EIF2AK3	3747	4	128c	574
576	Doramapimod	MAPK14	MAPK9;MAPK11;DDR2;TEK;DDR1;MAPK12;STK10;TIE1;MAPK13;TNF;RET;MAP4K4;MAPK10;TNIK;SLK;CDK8;EPHA4;NTRK3;EPHA8;CDK19;EPHB2;NTRK2;EPHA7;BLK;EPHA3;PTK2B;FLT1;KIT;NTRK1;RAF1;CDC42BPB;NLK;MAP3K20;ANKK1;KDR;EPHB4;ABL1	3747	4	129n	575
577	MRS 2578	P2RY6	NA	3747	4	129c	576
578	Desvenlafaxine	SLC6A4	SLC6A2	3747	4	130n	577
579	PDK1-In	PDPK1	PDK1	3747	4	130c	578
580	A 922500	DGAT1	NA	3747	4	131	579
581	Baricitinib	JAK1;JAK2	JAK3;TYK2	3747	4	131c	580
582	NVP-BHG712	EPHB4	RAF1	3747	5	127n	581
583	UNC2881	MERTK	NA	3747	5	128n	582
584	Azilsartan	AGTR1	NA	3747	5	128c	583
585	Berzosertib	ATR	NA	3747	5	129n	584
586	NBI-74330	CXCR3	NA	3747	5	130n	585
587	c-Fms-IN-3	CSF1R	KIT;AXL;NTRK1;FLT3	3747	5	130c	586
588	Atosiban	AVPR1A	OXTR	3747	5	131	587
589	ABT-737	BCL2L1	BCL2;BCL2L2;BAD;MCL1	3747	5	131c	588
590	AS-605240	PIK3CG	CSNK2A1;CSNK2B;PIK3CA;PIK3CB;PIK3CD	3747	6	127n	589
591	GNE-9605	LRRK2	NA	3747	6	127c	590
592	MBX-2982	GPR119	NA	3747	6	128n	591
593	MN-64	TNKS	NA	3747	6	128c	592
594	BMS-536924	IGF1R	INSR;CYP3A4	3747	6	129n	593
595	Montelukast	CYSLTR1	CYSLTR2;CYP2C8	3747	6	129c	594
596	PCI-34051	HDAC8	NA	3747	6	130n	595
597	VU0152100	CHRM4	NA	3747	6	130c	596
598	Palonosetron	HTR3A	HTR3B	3747	6	131	597
599	Indomethacin	PTGS1	PTGER2;PTGS2;TBXAS1;PTGES;PTGDR2;SC5D;PPARG;GLO1	3747	6	131c	598
600	GW 441756	NTRK1	NA	3747	7	127n	599
601	Selisistat	SIRT1	NA	3747	7	127c	600
602	Midostaurin	FLT3	KIT;PKN1;JAK3;PKN2;MAP3K9;MAP3K11;STK4;TBK1;CAMK2A;MARK3;MAP3K19;CAMK2D;NUAK1;SRPK1;EIF2AK4;AAK1;PRKCB;GRK7;AURKB;PLK4;NUAK2;CAMKK2;PRKG2;TNK1;JAK2;RET;PRKCG;SYK;MARK2;MAP4K3;PDGFRB;STK3;AURKA;TNK2;CAMKK1;PDPK1;MAP3K7;IRAK3;CAMK2G;AURKC;PRKAA1;MARK1;IKBKE;CSF1R;PRKACB;CAMK2B;PRKCA;PAK3;PRKCH;BMP2K;SLK;MELK;PRKCD;RPS6KA5;RPS6KA4;STK16;PIP4K2B;PIP5K1A;TYK2;CSNK2A1;PRKG1;CLK1;CLK4;MARK4;ALK;DYRK1B;SRPK2;TTK;GAK;STK11;SIK2;ROS1;NTRK2;PHKG1	3747	7	128n	601
603	GSK2656157	EIF2AK3	NA	3747	7	128c	602
604	PP2	FYN;LCK	HCK;SIK2;CSNK1D;PDGFRB;PDGFRA;KDR;EPHB4;BTK;EPHB3;SRC;EGFR;ABL1	3747	7	129n	603
605	Y-33075	ROCK2	ROCK1	3747	7	129c	604
606	JQ-1	BRD4	BRD2;BRD3	3747	7	130n	605
607	RG2833	HDAC3	HDAC1	3747	7	130c	606
608	SP600125	MAPK9	MAPK8;MAPK10;TTK;LRRK2;MAP2K4	3747	7	131	607
609	Reversine	TTK	AURKA;ADORA3;AURKB	3747	7	131c	608
610	Rifampicin	NR1I2	NA	3747	8	127n	609
611	Ro-3306	CDK1	CCNB1;CDK2	3747	8	127c	610
612	PRT062607	SYK	ZAP70;PRKCA;YES1;FLT3;BLNK;LYN	3747	8	128n	611
613	Methazolamide	CA2;CA7	CA12;CA6;CA13;CA9;CA4;CA14;CA5B;CA5A;CA1;CA3	3747	8	128c	612
614	Taranabant	CNR1	CYP2D6;CYP2C9;CNR2	3747	8	129n	613
615	Odanacatib	CTSK	NA	3747	8	129c	614
616	Tacrolimus	FKBP1A	PPP3CA;MTOR;SF3B3;CYP3A4	3747	8	130n	615
617	Sumatriptan	HTR1D	HTR1B;HTR4;HTR1F;HTR1A	3747	8	130c	616
618	Quiflapon	ALOX5AP	ALOX5	3747	8	131	617
619	MK-3207	CALCRL	CALCA;RAMP1;CALCB	3747	8	131c	618
620	GR79236	ADORA1	NA	3748	1	127n	619
621	Formestane	CYP19A1	NA	3748	1	128n	620
622	QNZ	NFKB1	NA	3748	1	129n	621
623	Betamethasone	NR3C1	NFE2L2	3748	1	129c	622
624	PDE-9i	PDE9A	NA	3748	1	130n	623
625	NU7441	PRKDC	PIK3CB;PIK3CD;PIK3CG;PIK3CA	3748	1	130c	624
626	Toceranib	PDGFRB	NA	3748	1	131	625
627	2-Cl-IB-MECA	ADORA3	HIF1A;ADORA1;ADORA2A	3748	2	127n	626
628	Octreotide	SSTR2	SSTR5;SSTR1;SSTR4;OPRM1;SSTR3	3748	2	127c	627
629	Carprofen	PTGS2	PTGS1	3748	2	128n	628
630	AR-C155858	SLC16A1	NA	3748	2	128c	629
631	JZL 184	MGLL	NA	3748	2	129n	630
632	NB-598	SQLE	NA	3748	2	129c	631
633	GSK189254A	HRH3	NA	3748	2	130n	632
634	Topiramate	CA2;CA12	CA7;CA5B;CA6;CA4;CA9;CA13;CA5A;CA1	3748	2	130c	633
635	Roflumilast	PDE4B	PDE4D;PDE4A;ENPP4;PDE4C	3748	2	131	634
636	Bestatin	LAP3	LTA4H;ANPEP	3748	2	131c	635
637	Enzastaurin	PRKCB	GSK3B;PRKCQ;FLT3;PRKCE;RPS6KA3;PRKCD;PRKCH;PRKCA;PRKCZ;RPS6KB1	3748	3	127n	636
638	Amsacrine	TOP2A	KCNH2;TOP2B	3748	3	127c	637
639	INCB 3284	CCR2	NA	3748	3	128n	638
640	Mianserin	HTR2C	HTR2A;HRH1;HTR2B;ADRA2A;ADRA2B;ADRA1A;ADRA1B;ADRA1D;ADRA2C;SLC6A2;SLC6A4;HTR3A;HTR3C;HTR3E;HTR3B;HTR6;HTR7;HTR1A;DRD1;HRH2	3748	3	128c	639
641	LY2365109	SLC6A9	NA	3748	3	130n	640
642	Gefitinib	EGFR	GAK;FGFR2;ERBB3;KRAS;LYN;MKNK1;SLK;ERBB4;MKNK2;LCK;RIPK2;STK10;PDGFRB;EPHA6;ABL1;ERBB2;FLT3;EPHB4	3748	3	130c	641
643	Spironolactone	NR3C2	KCNQ1;AR;KCND3;KCNA5	3748	3	131	642
644	Tipifarnib	FNTA	FNTB;FLT3;CHURC1-FNTB;CTSA;GLB1	3748	3	131c	643
645	LXR-623	NR1H2	NR1H3	3748	4	127c	644
646	Capsazepine	TRPV1	NA	3748	4	128n	645
647	VTP-27999	REN	NA	3748	4	128c	646
648	AM095	LPAR1	NA	3748	4	129n	647
649	Nateglinide	ABCC8	NA	3748	4	129c	648
650	Vemurafenib	BRAF	RAF1	3748	4	130n	649
651	Abiraterone2	CYP17A1	NA	3748	4	130c	650
652	Fluconazole	CYP51A1	NA	3748	4	131	651
653	PS-1145	CHUK	IKBKG;IKBKB;IKBKE	3748	4	131c	652
654	NS309	KCNN3	KCNN4;KCNN1;KCNN2	3748	5	127n	653
655	SKI II	SPHK1	SPHK2;VCP	3748	5	127c	654
656	SCH 58261	ADORA2A	ADORA1	3748	5	128n	655
657	Retigabine	KCNQ2	KCNQ3;KCNQ5;KCNQ4	3748	5	128c	656
658	OSI-027	MTOR	NA	3748	5	129n	657
659	Seratrodast	TBXA2R	NA	3748	5	129c	658
660	TAK-779	CCR5	CCL3;CCR2	3748	5	130n	659
661	VU 0364439	GRM4	NA	3748	5	130c	660
662	PRX-08066	HTR2B	DRD2;DRD4;HTR1A	3748	5	131	661
663	DP-agonist13	PTGDR	NA	3748	5	131c	662
664	Ulipristal	PGR	NA	3748	6	127n	663
665	Indapamide	CA7	CA12;CA13;CA9;CA4;CA5B;CA5A	3748	6	127c	664
666	Oleanolic Acid	AKR1B10	PTPN1;GPBAR1	3748	6	128n	665
667	Ripasudil	ROCK1;ROCK2	NA	3748	6	128c	666
668	Debio-1347	FGFR1	FGFR3;FGFR2	3748	6	129c	667
669	SB-408124	HCRTR1	NA	3748	6	130n	668
670	Aztreonam	LACTB	NA	3748	6	130c	669
671	Simvastatin	HMGCR	CYP3A4	3748	6	131	670
672	Duvelisib	PIK3CD	PIK3CG;PIK3CB;PIK3CA	3748	6	131c	671
673	Ospemifene	ESR1	NA	3748	7	127n	672
674	Ribociclib	CDK4	NA	3748	7	127c	673
675	PD 123319	AGTR2	AGTR1	3748	7	128n	674
676	Prucalopride	HTR4	NA	3748	7	128c	675
677	Gedatolisib	PIK3CA	MTOR;AKT1;AKT2;AKT3;PIK3CB;PIK3CD;PIK3CG	3748	7	129n	676
678	UMI-77	MCL1	NA	3748	7	129c	677
679	GW311616	ELANE	NA	3748	7	130n	678
680	Ro 28-1675	GCK	NA	3748	7	130c	679
681	BCX 1470	C1S	F10;PLG;F12;F2;CFD	3748	7	131	680
682	TRAM-34	KCNN4	NA	3748	7	131c	681
683	GW9508	FFAR1	FFAR4	3748	8	127n	682
684	Tezacaftor	CFTR	NA	3748	8	127c	683
685	A 438079	P2RX7	NA	3748	8	128n	684
686	KU-60019	ATM	NA	3748	8	128c	685
687	Timapiprant	PTGDR2	PTGDR	3748	8	129n	686
688	MRE-269	PTGIR	NA	3748	8	129c	687
689	Ivabradine	HCN4	HCN1;HCN2;HCN3	3748	8	130n	688
690	NP118809	CACNA1B	CACNA1A;CACNA1S;CACNA1C	3748	8	130c	689
691	IWR-1	TNKS2	TNKS	3748	8	131	690
692	Nifedipine	CACNA1C	CACNA1S;CACNA1H;CACNA1D;CACNA1I;CACNA1G;CYP1A2;HIF1A;CYP2C9;CYP3A4;ABCB1	3748	8	131c	691
693	Sapropterin�	PAH	NA	3749	1	127n	692
694	Perindopril	ACE	NA	3749	1	127c	693
695	2,2'-Biquinoline	PRNP	NA	3749	1	128n	694
696	CA-074	CTSB	NA	3749	1	128c	695
697	Pamidronic acid	FDPS	NA	3749	1	129n	696
698	Cloprostenol	PTGFR	NA	3749	1	129c	697
699	Chloro-L-alanine	BLM	NA	3749	1	130n	698
700	ML218	CACNA1H	NA	3749	1	130c	699
701	CBL0137	SSRP1	NA	3749	1	131	700
702	Iclaprim	DHFR	NA	3749	1	131c	701
703	9-Aminocamptothecin	TOP1	NA	3749	2	127n	702
704	Sitaxsentan	EDNRA	CYP3A4;EDNRB	3749	2	127c	703
705	SB-224289	HTR1B	HTR1D	3749	2	128n	704
706	L755507	ADRB3	ADRB2;ADRB1	3749	2	128c	705
707	NSC95682	ERN1	NA	3749	2	129n	706
708	5-Hydroxyflavone	CYP1A1	NA	3749	2	129c	707
709	LDN-192960	DYRK2;HASPIN	DYRK3	3749	2	130n	708
710	Asimadoline	OPRK1	NA	3749	2	130c	709
711	SB290157	C3AR1	NA	3749	2	131c	710
712	NIBR189	GPR183	NA	3749	3	127n	711
713	I3C	IDO1	NA	3749	3	128n	712
714	GSK-LSD1	KDM1A	NA	3749	3	128c	713
715	Bisphenol A	ESRRG	NA	3749	3	129n	714
716	GW842166X	CNR2	NA	3749	3	129c	715
717	Epristeride	SRD5A2	SRD5A1	3749	3	130n	716
718	Boc-4mesyloxypiperidine	BDKRB1	NA	3749	3	130c	717
719	Purvalanol	CDK2	NA	3749	3	131	718
720	Fumitremorgin C	ABCG2	NA	3749	3	131c	719
721	WAY 316606	SFRP1	NA	3749	4	127n	720
722	AKR1C3-IN-1	AKR1C3	NA	3749	4	128n	721
723	Bergenin	PTPN1	NA	3749	4	128c	722
724	Dimethylfraxetin	CA1	NA	3749	4	129n	723
725	LP-533401	TPH1	NA	3749	4	129c	724
726	RK-24466	LCK	SRC	3749	4	130c	725
727	ML221	APLNR	NA	3749	4	131c	726
728	Salmeterol	ADRB2	BLM;ADRB1	3749	5	127n	727
729	Alfuzosin	ADRA1D	ADRA1B;ADRA1A	3749	5	127c	728
730	Fluoxymesterone	AR	NR3C1	3749	5	128n	729
731	Stiripentol	CYP2C19	CYP3A4	3749	5	128c	730
732	Pyrene	CYP1B1	NA	3749	5	129n	731
733	Pamoic Acid	GPR35	NA	3749	5	129c	732
734	Tolimidone	LYN	NA	3749	5	130n	733
735	ML349	LYPLA2	NA	3749	5	130c	734
736	Dinoprost	PTGFR	NA	3749	5	131	735
737	DPP-IV-IN-2	DPP8	DPP9;DPP4	3749	5	131c	736
738	CJ-42794	PTGER4	NA	3749	6	127n	737
739	Ibrutinib1	BTK	EGFR;BLK;BMX;PLCG2;LYN;PLCG1;LCK;ITK;FGFR2	3749	6	127c	738
740	4-Benzylpyridine	CYP2B6	NA	3749	6	128n	739
741	Rucinol	TYR	NA	3749	6	128c	740
742	Sulcotrione	HPD	NA	3749	6	129n	741
743	AGK2	SIRT2	NA	3749	6	129c	742
744	Acenaphthoquinone	CES1	NA	3749	6	130n	743
745	Prinomastat	MMP13;MMP2	MMP9;MMP3;MMP8;MMP14;MMP7;ADAM17;MMP1	3749	6	130c	744
746	Lasmiditan	HTR1F	NA	3749	6	131	745
747	GW7647	PPARA	PPARG;PPARD	3749	6	131c	746
748	Tadalafil	PDE5A	PDE11A	3749	7	127n	747
749	INT-747	NR1H4	GPBAR1	3749	7	127c	748
750	Brequinar	DHODH	NA	3749	7	128n	749
751	Rislenemdaz	GRIN2B	NA	3749	7	128c	750
752	Quinidine	CYP2D6	KCNH2;CYP3A4;ABCB1	3749	7	129n	751
753	2-PMPA	FOLH1	NAALADL1;KLK3	3749	7	129c	752
754	Thiothixene	DRD2	HRH1;HTR2A	3749	7	130n	753
755	Cyanuric chloride	THRB	NA	3749	7	130c	754
756	GW4064	NR1H4	RXRA	3749	7	131	755
757	LY334370	HTR1F	HTR1A;HTR1D;HTR1B	3749	7	131c	756
758	GSK2636771	PIK3CB	PTEN	3749	8	127n	757
759	4,4'-Dimethoxybenzil	CES2	CES3;CES5A;CES1	3749	8	127c	758
760	2-Bromophenethylamine	TAAR1	NA	3749	8	128n	759
761	A 967079	TRPA1	NA	3749	8	128c	760
762	Atomoxetine	SLC6A2	SLC6A4	3749	8	129n	761
763	Cetirizine	HRH1	NA	3749	8	129c	762
764	6-Aminochrysene	HPRT1	NA	3749	8	130n	763
765	ABL127	PPME1	NA	3749	8	130c	764
766	Guanethidine	TSHR	NA	3749	8	131	765
767	TNP-470	METAP2	NA	3749	8	131c	766
768	Leupeptin	CTSL	CTSB;CTSV;CTSS;CTSK;PRSS1	3750	1	127n	767
769	MK2206	AKT1	AKT2;AKT3	3750	1	127c	768
770	Asarone	ACHE	HMGCR	3750	1	128n	769
771	Siponimod	S1PR1	S1PR5;S1PR4	3750	1	128c	770
772	Nutlin3a	MDM2	TP53	3750	1	129n	771
773	Bosentan	EDNRA	EDNRB	3750	1	129c	772
774	Filanesib	KIF11	NA	3750	1	130n	773
775	5-R-Rivaroxaban	F10	NA	3750	1	130c	774
776	Evacetrapib	CETP	NA	3750	1	131	775
777	Calcipotriol	VDR	BGLAP;RXRB;RXRG;RXRA	3750	1	131c	776
778	Molindone	DRD2	NA	3750	2	127n	777
779	Zotarolimus	MTOR	NA	3750	2	127c	778
780	Vicriviroc	CCR5	NA	3750	2	128n	779
781	CAY10650	PLA2G4A	NA	3750	2	128c	780
782	Lorcaserin	HTR2C	HTR2A;HTR2B	3750	2	129n	781
783	Rupatadine	HRH1	PTAFR	3750	2	129c	782
784	WZ811	CXCR4	NA	3750	2	130n	783
785	Ibutamoren	GHSR	GH1	3750	2	130c	784
786	Ibrutinib2	BTK	BLK;ERBB4;EGFR;BMX;FGR;PTK6;SRC;HCK;YES1;ERBB2;JAK3;ITK;LCK;FYN;ABL1;TEC;RET;LYN	3750	2	131	785
787	GSK429286A	ROCK1	NA	3750	2	131c	786
788	Iloprost	PTGIR	PTGER3	3750	3	127n	787
789	HA130	ENPP2	NA	3750	3	127c	788
790	CH-223191	AHR	NA	3750	3	128n	789
791	WH-4-023	LCK	SRC	3750	3	128c	790
792	PF-431396	PTK2	PTK2B	3750	3	129n	791
793	Entospletinib	SYK	FLT3	3750	3	129c	792
794	ZM 336372	RAF1	MAPK14	3750	3	130n	793
795	TAK-285	ERBB2	EGFR	3750	3	130c	794
796	Telmisartan	AGTR1	AGTR2;PPARG	3750	3	131	795
797	GSK126	EZH2	NA	3750	3	131c	796
798	STF-31	NAMPT	NA	3750	4	127n	797
799	Bafetinib	ABL1	BCR;LYN;PDGFRB;KIT	3750	4	127c	798
800	Linagliptin	DPP4	CYP3A4	3750	4	128n	799
801	CZC-25146	LRRK2	NA	3750	4	128c	800
802	AZD 6482	PIK3CB	NA	3750	4	129n	801
803	Navarixin	CXCR2	CXCR1	3750	4	129c	802
804	L-165041	PPARD	PPARG;PPARA	3750	4	130c	803
805	IC-87114	PIK3CD	PIK3CG	3750	4	131	804
806	Eniporide	SLC9A1	NA	3750	4	131c	805
807	GS-9620	TLR7	NA	3750	5	127n	806
808	Cimetidine	HRH2	GSK3B	3750	5	127c	807
809	SB 525334	TGFBR1	ACVR1B	3750	5	128n	808
810	Gandotinib	JAK2	JAK3	3750	5	128c	809
811	JNJ-38877605	MET	NA	3750	5	129n	810
812	Orteronel	CYP17A1	NA	3750	5	129c	811
813	Carvedilol	ADRB1;ADRB2	ADRA1D;ADRA1B;ADRB3;HTR1A;HTR2B;ADRA2C;ADRA2B;ADRA2A;DRD2;HTR2C;HTR2A;DRD3;HTR1B;KCNH2	3750	5	130n	812
814	Rofecoxib	PTGS2	SC5D;PTGS1	3750	5	130c	813
815	CH5132799	PIK3CA	PIK3CG;PIK3CD;PIK3CB	3750	5	131	814
816	Rolapitant	TACR1	NA	3750	5	131c	815
817	BQ-788	EDNRB	NA	3750	6	127n	816
818	GSK-1070916	AURKB	AURKC;FLT1	3750	6	127c	817
819	EPZ004777	DOT1L	NA	3750	6	128n	818
820	Mardepodect	PDE10A	NA	3750	6	128c	819
821	PLX-4720	BRAF	RAF1;PDGFRB;KIT;ABL1	3750	6	129n	820
822	Birabresib	BRD4	NA	3750	6	129c	821
823	AZD-5438	CDK2	CCNE1;CCNE2;GSK3B;CCNB1;CDK1;CCNT1;CDK6;CCND3;CDK9;CCNA1;CCNA2	3750	6	130n	822
824	AZ20	ATR	MTOR	3750	6	130c	823
825	PNU-120596	CHRNA7	NA	3750	6	131	824
826	Clorgiline	MAOA	NA	3750	6	131c	825
827	RN-1734	TRPV4	NA	3750	7	127n	826
828	Progesterone	PGR	ALPP;ALPI;ALPL;AR;NR3C1;NR3C2;ESR2;ESR1	3750	7	127c	827
829	Ethynyl Estradiol	ESR1	ESR2;NR1I2;SLC6A4;NR3C1;CYP2B6	3750	7	128n	828
830	Tiagabine	SLC6A12	SLC6A1	3750	7	128c	829
831	Nexturastat A	HDAC6	NA	3750	7	129n	830
832	Ozagrel	TBXAS1	NA	3750	7	129c	831
833	Rimonabant	CNR1	CNR2	3750	7	130n	832
834	TCS 1102	HCRTR2	HCRTR1	3750	7	130c	833
835	Abemaciclib	CDK4	PIM1;CDK6	3750	7	131	834
836	BHT	CAPN1	NA	3750	7	131c	835
837	Buspirone	HTR1A	DRD2;DRD3;ADRA1A;ADRA1D;ADRA1B;HTR2A;HTR2C;HTR2B	3750	8	127n	836
838	Spautin-1	PDE5A	NA	3750	8	127c	837
839	Testolactone	CYP19A1	NA	3750	8	128n	838
840	Icotinib	EGFR	NA	3750	8	128c	839
841	SB-674042	HCRTR1	HCRTR2	3750	8	129n	840
842	CCT128930	AKT2	AKT1;RPS6KB1;PRKACA;ROCK2	3750	8	129c	841
843	MK-6892	HCAR2	NA	3750	8	130n	842
844	AXL1717	IGF1R	NA	3750	8	130c	843
845	Tozasertib	AURKA	AURKC;AURKB;ABL1;FLT3;PLK4;ABL2;BCR;RET;RIPK1;DDR1;NTRK1;MAP4K5;SRPK1;MYLK2;TNK1;BMP2K;MAP4K1;SLK;FLT1;STK10;PIP4K2B;PIP5K1A;NUAK1;AXL;STK4;MAP3K12;NTRK3;MAP3K13;TIE1;CDK16;MAP4K3;CDK11B;AAK1;CDK11A;NTRK2;MUSK;INSRR;LCK;RIOK1;PRKAA2;CSNK2A2;CSNK2A1;ROS1;MAP3K9;PDGFRB;TEK;YES1;STK3;NUAK2;EPHA8;LYN;IGF1R;FGR;JAK3;FGFR3;SRPK2;RIOK3;STK16;EPHA2;EPHA1;BLK;ITK;MELK;DDR2;KDR;FYN;JAK2;FGFR2;FGFR1;MET;INSR;MAP3K11;SRC;KIT	3750	8	131	844
846	Rucaparib	PARP1	PARP2;TNKS;TNKS2	3750	8	131c	845
847	FK866	NAMPT	PIK3CA	CP	1	127n	846
848	Zaltoprofen	PTGS2	NA	CP	1	127c	847
849	DMB	GLP1R	NA	CP	1	128n	848
850	CP-673451	PDGFRB	PDGFRA;KIT;KDR	CP	1	128c	849
851	Epoxomicin	PSMB5	NA	CP	1	129n	850
852	Defactinib	PTK2	NA	CP	1	129c	851
853	Ispinesib	KIF11	NA	CP	1	130n	852
854	Idasanutlin	MDM2	TP53	CP	1	130c	853
855	Radicicol	HSP90AA1	HSP90B1	CP	1	131	854
856	Ceritinib	ALK	INSR;IGF1R;TSSK1B;FLT3;AURKA;FGFR2;ROS1;RET;FGFR3;LCK;JAK2;LYN;EGFR;FGFR4;CYP3A4	CP	1	131c	855
857	AZD7762	CHEK1	CHEK2	CP	2	127n	856
858	SB 699551	HTR5A	NA	CP	2	127c	857
859	6-Mercaptopurine	HPRT1	NA	CP	2	128n	858
860	Crizotinib	MET	ALK;ROS1;NTRK1;NTRK2;AXL;MERTK;GOPC;NTRK3;LCK;SLC34A2;IRAK1;JAK2;MST1R;EML4;CSF1R;MAP3K12;ABL1;MAP3K13;JAK1;AURKA;EPHA4;SRC;EPHA3;EPHB4;FLT3;TYRO3;INSR;KIT;IGF1R	CP	2	128c	859
861	NNC 26-9100	SSTR4	SSTR2;GBA	CP	2	129n	860
862	SGI-1776	PIM1	HASPIN;FLT3;PIM3;PIM2;KCNH2	CP	2	129c	861
863	Bafilomycin A1	ATP6V1H	NA	CP	2	130n	862
864	CHEMBL513147	BMPR1A	ACVRL1;BMPR1B;KDR;ACVR1;TGFBR1	CP	2	130c	863
865	CCT241533	CHEK2	NA	CP	2	131	864
866	Dronedarone	KCNH2	NA	CP	2	131c	865
867	Lomitapide	MTTP	NA	CP	3	127n	866
868	SH-4-54	STAT3	NA	CP	3	127c	867
869	OSU-03012	PDPK1	NA	CP	3	128n	868
870	D-3263	TRPM8	NA	CP	3	129n	869
871	Celastrol	IL1B	NA	CP	3	129c	870
872	UNC 0631	EHMT2	NA	CP	3	130n	871
873	Pyrimethamine	DHFR	GSTP1	CP	3	130c	872
874	Darapladib	PLA2G7	NA	CP	3	131	873
875	Nilotinib	ABL1	DDR2;BCR;KIT;PDGFRB;DDR1;ABL2;PDGFRA;MAP3K20;MAPK11;EPHA8;EPHA3;LCK;RAF1;CYP2C8;EPHA2;EPHA4;MAPK8;EPHB2;MAPK14;LYN;EPHB4;CSF1R;BRAF	CP	3	131c	874
